,time,fo,dataset
0,18.321398399999964,4093.0,pmed2
1,1.096566600000017,4093.0,pmed2
2,6.722600400000033,4093.0,pmed2
3,6.434984100000008,4093.0,pmed2
4,19.049761700000033,4093.0,pmed2
5,4.495257300000048,4093.0,pmed2
6,23.822758599999986,4093.0,pmed2
7,9.248942599999964,4093.0,pmed2
8,3.641743599999984,4093.0,pmed2
9,7.993698499999994,4093.0,pmed2
