,time,fo,dataset
0,600.0991228999992,4556.0,pmed8
1,600.0343818000001,4510.0,pmed8
2,600.0130233,4504.0,pmed8
3,600.0953967000005,4517.0,pmed8
4,600.1193502000006,4509.0,pmed8
5,600.0877566999989,4526.0,pmed8
6,600.1079747000003,4524.0,pmed8
7,600.1414117999993,4506.0,pmed8
8,600.0554773999975,4518.0,pmed8
9,600.0503666000004,4509.0,pmed8
