,time,fo,dataset
0,6.286953253000007,4093.0,pmed2
1,156.10094912899999,4093.0,pmed2
2,4.697837007000032,4093.0,pmed2
3,1.048911343000043,4093.0,pmed2
4,4.638370692000024,4093.0,pmed2
5,9.777744235,4093.0,pmed2
6,4.482626350999965,4093.0,pmed2
7,10.165069293000045,4093.0,pmed2
8,68.58039289499999,4093.0,pmed2
9,164.463257301,4093.0,pmed2
