,time,fo,dataset
0,0.27725836799800163,7696.0,pmed11
1,0.8760728620000009,7696.0,pmed11
2,0.6393273240028066,7696.0,pmed11
3,6.489972292911261e-07,7696.0,pmed11
4,6.619993655476719e-07,7696.0,pmed11
5,6.520021997857839e-07,7696.0,pmed11
6,0.6678884249995463,7696.0,pmed11
7,6.830014172010124e-07,7696.0,pmed11
8,6.610025593545288e-07,7696.0,pmed11
9,6.900008884258568e-07,7696.0,pmed11
