,time,fo,dataset
0,36.70426188499914,5631.0,pmed7
1,17.75767828700009,5631.0,pmed7
2,0.9091431019987795,5631.0,pmed7
3,142.31531395099955,5631.0,pmed7
4,26.698203193000154,5631.0,pmed7
5,48.365205007999975,5631.0,pmed7
6,12.618638508000004,5631.0,pmed7
7,132.01007848800145,5631.0,pmed7
8,80.4719275009993,5631.0,pmed7
9,73.06616408599984,5631.0,pmed7
